#item+id,#country+code+v_iso3,#meta+source+cod_ab_level,#date+created,#date+updated,#org+name+source,#org+name+contributor1,#meta+license,#item+source+type_ckan,#item+source+type_gpkg,#item+source+type_shp,#item+source+type_xlsx
ago,AGO,3,2018-08-30,2020-11-12,www.gadm.org and Instituto Nacional de Estatística (INE - www.ine.gov.ao) - see methodology,OCHA Regional Office for Southern and Eastern Africa (ROSEA),Creative Commons Attribution for Intergovernmental Organisations,https://data.humdata.org/dataset/cod-ab-ago,https://data.fieldmaps.io/cod/extended/ago.gpkg.zip,https://data.fieldmaps.io/cod/extended/ago.shp.zip,https://data.fieldmaps.io/cod/extended/ago.xlsx
alb,ALB,3,2019-12-21,2019-12-21,www.gadm.org and UNHCR,OCHA Field Information Services Section (FISS),Creative Commons Attribution for Intergovernmental Organisations,https://data.humdata.org/dataset/cod-ab-alb,https://data.fieldmaps.io/cod/extended/alb.gpkg.zip,https://data.fieldmaps.io/cod/extended/alb.shp.zip,https://data.fieldmaps.io/cod/extended/alb.xlsx
arg,ARG,2,2020-05-04,2020-05-04,Instituto Geografico Nacional and UNHCR,OCHA Latin America and the Caribbean (ROLAC),Creative Commons Attribution for Intergovernmental Organisations,https://data.humdata.org/dataset/cod-ab-arg,https://data.fieldmaps.io/cod/extended/arg.gpkg.zip,https://data.fieldmaps.io/cod/extended/arg.shp.zip,https://data.fieldmaps.io/cod/extended/arg.xlsx
arm,ARM,2,2014-10-01,2020-09-28,Government of Armenia (various agencies - see metadata),OCHA ROCCA (Closed),Creative Commons Attribution for Intergovernmental Organisations,https://data.humdata.org/dataset/cod-ab-arm,https://data.fieldmaps.io/cod/extended/arm.gpkg.zip,https://data.fieldmaps.io/cod/extended/arm.shp.zip,https://data.fieldmaps.io/cod/extended/arm.xlsx
atg,ATG,1,2017-09-07,2019-11-28,www.gadm.org,OCHA Field Information Services Section (FISS),Creative Commons Attribution for Intergovernmental Organisations,https://data.humdata.org/dataset/cod-ab-atg,https://data.fieldmaps.io/cod/extended/atg.gpkg.zip,https://data.fieldmaps.io/cod/extended/atg.shp.zip,https://data.fieldmaps.io/cod/extended/atg.xlsx
aze,AZE,1,2020-11-24,2020-11-24,www.gadm.org and Open Street Map,OCHA ROCCA (Closed),Creative Commons Attribution for Intergovernmental Organisations,https://data.humdata.org/dataset/cod-ab-aze,https://data.fieldmaps.io/cod/extended/aze.gpkg.zip,https://data.fieldmaps.io/cod/extended/aze.shp.zip,https://data.fieldmaps.io/cod/extended/aze.xlsx
bdi,BDI,2,2017-11-07,2021-10-07,IGEBU and OCHA Burundi,OCHA Field Information Services Section (FISS),Creative Commons Attribution for Intergovernmental Organisations,https://data.humdata.org/dataset/cod-ab-bdi,https://data.fieldmaps.io/cod/extended/bdi.gpkg.zip,https://data.fieldmaps.io/cod/extended/bdi.shp.zip,https://data.fieldmaps.io/cod/extended/bdi.xlsx
ben,BEN,2,2015-08-07,2021-12-31,"Secondary Administrative Level Boundary(SALB) Project, OCHA ROWCA",OCHA West and Central Africa (ROWCA),Creative Commons Attribution for Intergovernmental Organisations,https://data.humdata.org/dataset/cod-ab-ben,https://data.fieldmaps.io/cod/extended/ben.gpkg.zip,https://data.fieldmaps.io/cod/extended/ben.shp.zip,https://data.fieldmaps.io/cod/extended/ben.xlsx
bfa,BFA,3,2020-03-26,2020-03-26,Institut Géographique du Burkina,OCHA Burkina Faso,Creative Commons Attribution for Intergovernmental Organisations,https://data.humdata.org/dataset/cod-ab-bfa,https://data.fieldmaps.io/cod/extended/bfa.gpkg.zip,https://data.fieldmaps.io/cod/extended/bfa.shp.zip,https://data.fieldmaps.io/cod/extended/bfa.xlsx
bgd,BGD,4,2018-04-25,2020-12-18,Bangladesh Bureau of Statistics (BBS),OCHA Regional Office for Asia and the Pacific (ROAP),Creative Commons Attribution for Intergovernmental Organisations,https://data.humdata.org/dataset/cod-ab-bgd,https://data.fieldmaps.io/cod/extended/bgd.gpkg.zip,https://data.fieldmaps.io/cod/extended/bgd.shp.zip,https://data.fieldmaps.io/cod/extended/bgd.xlsx
bgr,BGR,2,2019-09-16,2019-09-16,UNICEF,OCHA Field Information Services Section (FISS),Creative Commons Attribution for Intergovernmental Organisations,https://data.humdata.org/dataset/cod-ab-bgr,https://data.fieldmaps.io/cod/extended/bgr.gpkg.zip,https://data.fieldmaps.io/cod/extended/bgr.shp.zip,https://data.fieldmaps.io/cod/extended/bgr.xlsx
bhs,BHS,1,2009-01-30,2020-11-13,www.gadm.org,OCHA Field Information Services Section (FISS),Creative Commons Attribution for Intergovernmental Organisations,https://data.humdata.org/dataset/cod-ab-bhs,https://data.fieldmaps.io/cod/extended/bhs.gpkg.zip,https://data.fieldmaps.io/cod/extended/bhs.shp.zip,https://data.fieldmaps.io/cod/extended/bhs.xlsx
blr,BLR,2,2019-07-30,2022-07-28,UNICEF,OCHA Field Information Services Section (FISS),Creative Commons Attribution for Intergovernmental Organisations,https://data.humdata.org/dataset/cod-ab-blr,https://data.fieldmaps.io/cod/extended/blr.gpkg.zip,https://data.fieldmaps.io/cod/extended/blr.shp.zip,https://data.fieldmaps.io/cod/extended/blr.xlsx
blz,BLZ,1,2017-09-08,2021-09-14,www.gadm.org,OCHA Field Information Services Section (FISS),Creative Commons Attribution for Intergovernmental Organisations,https://data.humdata.org/dataset/cod-ab-blz,https://data.fieldmaps.io/cod/extended/blz.gpkg.zip,https://data.fieldmaps.io/cod/extended/blz.shp.zip,https://data.fieldmaps.io/cod/extended/blz.xlsx
bmu,BMU,2,2017-09-21,2019-05-22,www.gadm.org,OCHA Field Information Services Section (FISS),Creative Commons Attribution for Intergovernmental Organisations,https://data.humdata.org/dataset/cod-ab-bmu,https://data.fieldmaps.io/cod/extended/bmu.gpkg.zip,https://data.fieldmaps.io/cod/extended/bmu.shp.zip,https://data.fieldmaps.io/cod/extended/bmu.xlsx
bol,BOL,3,2019-01-29,2021-09-21,GeoBolivia: la Infraestructura de Datos Espaciales del Estado Plurinacional de Bolivia,OCHA Latin America and the Caribbean (ROLAC),Creative Commons Attribution for Intergovernmental Organisations,https://data.humdata.org/dataset/cod-ab-bol,https://data.fieldmaps.io/cod/extended/bol.gpkg.zip,https://data.fieldmaps.io/cod/extended/bol.shp.zip,https://data.fieldmaps.io/cod/extended/bol.xlsx
bra,BRA,2,2020-09-30,2020-09-30,Instituto Brasileiro de Geografia e Estatística (IBGE),OCHA Latin America and the Caribbean (ROLAC),Creative Commons Attribution for Intergovernmental Organisations,https://data.humdata.org/dataset/cod-ab-bra,https://data.fieldmaps.io/cod/extended/bra.gpkg.zip,https://data.fieldmaps.io/cod/extended/bra.shp.zip,https://data.fieldmaps.io/cod/extended/bra.xlsx
brb,BRB,1,2017-09-07,2022-07-14,GADM database of Global Administrative Areas (www.gadm.org),OCHA Field Information Services Section (FISS),Creative Commons Attribution for Intergovernmental Organisations,https://data.humdata.org/dataset/cod-ab-brb,https://data.fieldmaps.io/cod/extended/brb.gpkg.zip,https://data.fieldmaps.io/cod/extended/brb.shp.zip,https://data.fieldmaps.io/cod/extended/brb.xlsx
btn,BTN,2,2019-02-01,2020-10-30,OCHA ROAP,OCHA Regional Office for Asia and the Pacific (ROAP),Creative Commons Attribution for Intergovernmental Organisations,https://data.humdata.org/dataset/cod-ab-btn,https://data.fieldmaps.io/cod/extended/btn.gpkg.zip,https://data.fieldmaps.io/cod/extended/btn.shp.zip,https://data.fieldmaps.io/cod/extended/btn.xlsx
bwa,BWA,3,2021-05-18,2021-05-18,UNFPA,OCHA Field Information Services Section (FISS),Creative Commons Attribution for Intergovernmental Organisations,https://data.humdata.org/dataset/cod-ab-bwa,https://data.fieldmaps.io/cod/extended/bwa.gpkg.zip,https://data.fieldmaps.io/cod/extended/bwa.shp.zip,https://data.fieldmaps.io/cod/extended/bwa.xlsx
caf,CAF,3,2014-08-02,2020-12-01,Agency for Technical Cooperation and Development(ACTED),OCHA Central African Republic,Creative Commons Attribution for Intergovernmental Organisations,https://data.humdata.org/dataset/cod-ab-caf,https://data.fieldmaps.io/cod/extended/caf.gpkg.zip,https://data.fieldmaps.io/cod/extended/caf.shp.zip,https://data.fieldmaps.io/cod/extended/caf.xlsx
chl,CHL,3,2021-08-03,2021-11-13,La Biblioteca del Congreso Nacional de Chile (BCN),OCHA Latin America and the Caribbean (ROLAC),Creative Commons Attribution for Intergovernmental Organisations,https://data.humdata.org/dataset/cod-ab-chl,https://data.fieldmaps.io/cod/extended/chl.gpkg.zip,https://data.fieldmaps.io/cod/extended/chl.shp.zip,https://data.fieldmaps.io/cod/extended/chl.xlsx
chn,CHN,2,2020-09-10,2020-09-10,publicly available online sources,OCHA Regional Office for Asia and the Pacific (ROAP),Creative Commons Attribution for Intergovernmental Organisations,https://data.humdata.org/dataset/cod-ab-chn,https://data.fieldmaps.io/cod/extended/chn.gpkg.zip,https://data.fieldmaps.io/cod/extended/chn.shp.zip,https://data.fieldmaps.io/cod/extended/chn.xlsx
civ,CIV,3,2018-08-06,2022-03-29,Comité National de Télédétection et d'Information Géographique (CNTIG),OCHA West and Central Africa (ROWCA),Creative Commons Attribution for Intergovernmental Organisations,https://data.humdata.org/dataset/cod-ab-civ,https://data.fieldmaps.io/cod/extended/civ.gpkg.zip,https://data.fieldmaps.io/cod/extended/civ.shp.zip,https://data.fieldmaps.io/cod/extended/civ.xlsx
cmr,CMR,3,2018-12-17,2019-02-27,Institut National de Cartographie (INC) provided by OSM,OCHA Cameroon,Creative Commons Attribution for Intergovernmental Organisations,https://data.humdata.org/dataset/cod-ab-cmr,https://data.fieldmaps.io/cod/extended/cmr.gpkg.zip,https://data.fieldmaps.io/cod/extended/cmr.shp.zip,https://data.fieldmaps.io/cod/extended/cmr.xlsx
cod,COD,2,2019-09-12,2019-09-13,Referenciel Géographique Commun,OCHA Democratic Republic of the Congo (DRC),Creative Commons Attribution for Intergovernmental Organisations,https://data.humdata.org/dataset/cod-ab-cod,https://data.fieldmaps.io/cod/extended/cod.gpkg.zip,https://data.fieldmaps.io/cod/extended/cod.shp.zip,https://data.fieldmaps.io/cod/extended/cod.xlsx
cog,COG,2,2017-07-06,2021-12-31,Global Administrative Unit Layers (GAUL),OCHA West and Central Africa (ROWCA),Creative Commons Attribution for Intergovernmental Organisations,https://data.humdata.org/dataset/cod-ab-cog,https://data.fieldmaps.io/cod/extended/cog.gpkg.zip,https://data.fieldmaps.io/cod/extended/cog.shp.zip,https://data.fieldmaps.io/cod/extended/cog.xlsx
col,COL,2,2020-01-01,2021-02-11,Departamento Administrativo Nacional de Estadística (DANE),OCHA Latin America and the Caribbean (ROLAC),Creative Commons Attribution for Intergovernmental Organisations,https://data.humdata.org/dataset/cod-ab-col,https://data.fieldmaps.io/cod/extended/col.gpkg.zip,https://data.fieldmaps.io/cod/extended/col.shp.zip,https://data.fieldmaps.io/cod/extended/col.xlsx
com,COM,3,2018-12-28,2019-12-12,Comoros National Disaster Management Agency (COSEP-Centre des secours et de la protection civil),OCHA Regional Office for Southern and Eastern Africa (ROSEA),Creative Commons Attribution for Intergovernmental Organisations,https://data.humdata.org/dataset/cod-ab-com,https://data.fieldmaps.io/cod/extended/com.gpkg.zip,https://data.fieldmaps.io/cod/extended/com.shp.zip,https://data.fieldmaps.io/cod/extended/com.xlsx
cpv,CPV,2,2017-12-27,2022-03-24,Second Administrative Level Boundaries (SALB) Project,OCHA West and Central Africa (ROWCA),Creative Commons Attribution for Intergovernmental Organisations,https://data.humdata.org/dataset/cod-ab-cpv,https://data.fieldmaps.io/cod/extended/cpv.gpkg.zip,https://data.fieldmaps.io/cod/extended/cpv.shp.zip,https://data.fieldmaps.io/cod/extended/cpv.xlsx
cri,CRI,3,2022-01-13,2022-02-09,Costa Rica National Statistics Office (NSO),OCHA Field Information Services Section (FISS),Creative Commons Attribution for Intergovernmental Organisations,https://data.humdata.org/dataset/cod-ab-cri,https://data.fieldmaps.io/cod/extended/cri.gpkg.zip,https://data.fieldmaps.io/cod/extended/cri.shp.zip,https://data.fieldmaps.io/cod/extended/cri.xlsx
cub,CUB,2,2017-09-07,2020-11-18,www.gadm.org,OCHA Field Information Services Section (FISS),Creative Commons Attribution for Intergovernmental Organisations,https://data.humdata.org/dataset/cod-ab-cub,https://data.fieldmaps.io/cod/extended/cub.gpkg.zip,https://data.fieldmaps.io/cod/extended/cub.shp.zip,https://data.fieldmaps.io/cod/extended/cub.xlsx
cym,CYM,1,2020-03-24,2020-03-24,www.gadm.org,OCHA Field Information Services Section (FISS),Creative Commons Attribution for Intergovernmental Organisations,https://data.humdata.org/dataset/cod-ab-cym,https://data.fieldmaps.io/cod/extended/cym.gpkg.zip,https://data.fieldmaps.io/cod/extended/cym.shp.zip,https://data.fieldmaps.io/cod/extended/cym.xlsx
dji,DJI,2,2018-10-26,2020-02-20,FEWS,OCHA Field Information Services Section (FISS),Creative Commons Attribution for Intergovernmental Organisations,https://data.humdata.org/dataset/cod-ab-dji,https://data.fieldmaps.io/cod/extended/dji.gpkg.zip,https://data.fieldmaps.io/cod/extended/dji.shp.zip,https://data.fieldmaps.io/cod/extended/dji.xlsx
dma,DMA,1,2017-09-07,2021-12-02,(Source to be clarified.),OCHA Field Information Services Section (FISS),Creative Commons Attribution for Intergovernmental Organisations,https://data.humdata.org/dataset/cod-ab-dma,https://data.fieldmaps.io/cod/extended/dma.gpkg.zip,https://data.fieldmaps.io/cod/extended/dma.shp.zip,https://data.fieldmaps.io/cod/extended/dma.xlsx
dom,DOM,4,2017-09-06,2021-07-01,Oficina Nacional de Estadística,OCHA Field Information Services Section (FISS),Creative Commons Attribution for Intergovernmental Organisations,https://data.humdata.org/dataset/cod-ab-dom,https://data.fieldmaps.io/cod/extended/dom.gpkg.zip,https://data.fieldmaps.io/cod/extended/dom.shp.zip,https://data.fieldmaps.io/cod/extended/dom.xlsx
dza,DZA,2,2020-04-28,2021-01-26,UNHCR (from GAUL),OCHA Middle East and North Africa (ROMENA),Creative Commons Attribution for Intergovernmental Organisations,https://data.humdata.org/dataset/cod-ab-dza,https://data.fieldmaps.io/cod/extended/dza.gpkg.zip,https://data.fieldmaps.io/cod/extended/dza.shp.zip,https://data.fieldmaps.io/cod/extended/dza.xlsx
ecu,ECU,3,2018-12-17,2019-07-31,INEC - Instituto Nacional de Estadística y Censos,OCHA Latin America and the Caribbean (ROLAC),Creative Commons Attribution for Intergovernmental Organisations,https://data.humdata.org/dataset/cod-ab-ecu,https://data.fieldmaps.io/cod/extended/ecu.gpkg.zip,https://data.fieldmaps.io/cod/extended/ecu.shp.zip,https://data.fieldmaps.io/cod/extended/ecu.xlsx
egy,EGY,2,2017-08-14,2020-12-01,Central Agency for Public Mobilization and Statistics (CAPMAS),OCHA Middle East and North Africa (ROMENA),Creative Commons Attribution for Intergovernmental Organisations,https://data.humdata.org/dataset/cod-ab-egy,https://data.fieldmaps.io/cod/extended/egy.gpkg.zip,https://data.fieldmaps.io/cod/extended/egy.shp.zip,https://data.fieldmaps.io/cod/extended/egy.xlsx
eri,ERI,2,2020-04-29,2020-04-29,OCHA ROSEA,OCHA Regional Office for Southern and Eastern Africa (ROSEA),Creative Commons Attribution for Intergovernmental Organisations,https://data.humdata.org/dataset/cod-ab-eri,https://data.fieldmaps.io/cod/extended/eri.gpkg.zip,https://data.fieldmaps.io/cod/extended/eri.shp.zip,https://data.fieldmaps.io/cod/extended/eri.xlsx
esh,ESH,1,2021-04-08,2021-04-08,www.gadm.org,OCHA Middle East and North Africa (ROMENA),Creative Commons Attribution for Intergovernmental Organisations,https://data.humdata.org/dataset/cod-ab-esh,https://data.fieldmaps.io/cod/extended/esh.gpkg.zip,https://data.fieldmaps.io/cod/extended/esh.shp.zip,https://data.fieldmaps.io/cod/extended/esh.xlsx
eth,ETH,3,2020-10-13,2021-12-16,CSA (Central Statistics Agency) + Regional Bureau of Finance and Economic Development (BoFED),OCHA Ethiopia,Creative Commons Attribution for Intergovernmental Organisations,https://data.humdata.org/dataset/cod-ab-eth,https://data.fieldmaps.io/cod/extended/eth.gpkg.zip,https://data.fieldmaps.io/cod/extended/eth.shp.zip,https://data.fieldmaps.io/cod/extended/eth.xlsx
fji,FJI,3,2018-01-15,2021-09-24,"POPGIS, Fiji Islands Bureau of Statistics, Pacific Catastrophe Risk Assessment and Financing Initiative (PCRAFI)",OCHA Regional Office for Asia and the Pacific (ROAP),Creative Commons Attribution for Intergovernmental Organisations,https://data.humdata.org/dataset/cod-ab-fji,https://data.fieldmaps.io/cod/extended/fji.gpkg.zip,https://data.fieldmaps.io/cod/extended/fji.shp.zip,https://data.fieldmaps.io/cod/extended/fji.xlsx
fsm,FSM,2,2019-06-17,2019-06-17,"Federated States of Micronesia Division of Statistics,  2010 Census of Population and Housing and Secretariat of the Pacific Community, Statistics for Development Division",OCHA Office of the Pacific Islands,Creative Commons Attribution for Intergovernmental Organisations,https://data.humdata.org/dataset/cod-ab-fsm,https://data.fieldmaps.io/cod/extended/fsm.gpkg.zip,https://data.fieldmaps.io/cod/extended/fsm.shp.zip,https://data.fieldmaps.io/cod/extended/fsm.xlsx
gab,GAB,2,2015-02-17,2021-12-31,Second Administrative Level Boundaries (SALB),OCHA West and Central Africa (ROWCA),Creative Commons Attribution for Intergovernmental Organisations,https://data.humdata.org/dataset/cod-ab-gab,https://data.fieldmaps.io/cod/extended/gab.gpkg.zip,https://data.fieldmaps.io/cod/extended/gab.shp.zip,https://data.fieldmaps.io/cod/extended/gab.xlsx
geo,GEO,1,2019-08-28,2020-05-20,National Statistics Office of Georgia [Administraciuli erTeulebi],OCHA ROCCA (Closed),Creative Commons Attribution for Intergovernmental Organisations,https://data.humdata.org/dataset/cod-ab-geo,https://data.fieldmaps.io/cod/extended/geo.gpkg.zip,https://data.fieldmaps.io/cod/extended/geo.shp.zip,https://data.fieldmaps.io/cod/extended/geo.xlsx
geo_1,GEO,1,2019-08-28,2020-05-20,National Statistics Office of Georgia [Administraciuli erTeulebi],OCHA ROCCA (Closed),Creative Commons Attribution for Intergovernmental Organisations,https://data.humdata.org/dataset/cod-ab-geo,https://data.fieldmaps.io/cod/extended/geo_1.gpkg.zip,https://data.fieldmaps.io/cod/extended/geo_1.shp.zip,https://data.fieldmaps.io/cod/extended/geo_1.xlsx
geo_2,GEO,1,2019-08-28,2020-05-20,National Statistics Office of Georgia [Administraciuli erTeulebi],OCHA ROCCA (Closed),Creative Commons Attribution for Intergovernmental Organisations,https://data.humdata.org/dataset/cod-ab-geo,https://data.fieldmaps.io/cod/extended/geo_2.gpkg.zip,https://data.fieldmaps.io/cod/extended/geo_2.shp.zip,https://data.fieldmaps.io/cod/extended/geo_2.xlsx
geo_3,GEO,1,2019-08-28,2020-05-20,National Statistics Office of Georgia [Administraciuli erTeulebi],OCHA ROCCA (Closed),Creative Commons Attribution for Intergovernmental Organisations,https://data.humdata.org/dataset/cod-ab-geo,https://data.fieldmaps.io/cod/extended/geo_3.gpkg.zip,https://data.fieldmaps.io/cod/extended/geo_3.shp.zip,https://data.fieldmaps.io/cod/extended/geo_3.xlsx
gha,GHA,2,2021-03-10,2021-12-31,Ghana Statistical Services (GSS),OCHA West and Central Africa (ROWCA),Creative Commons Attribution for Intergovernmental Organisations,https://data.humdata.org/dataset/cod-ab-gha,https://data.fieldmaps.io/cod/extended/gha.gpkg.zip,https://data.fieldmaps.io/cod/extended/gha.shp.zip,https://data.fieldmaps.io/cod/extended/gha.xlsx
gin,GIN,3,2017-08-03,2021-12-31,World Food Programme,OCHA West and Central Africa (ROWCA),Creative Commons Attribution for Intergovernmental Organisations,https://data.humdata.org/dataset/cod-ab-gin,https://data.fieldmaps.io/cod/extended/gin.gpkg.zip,https://data.fieldmaps.io/cod/extended/gin.shp.zip,https://data.fieldmaps.io/cod/extended/gin.xlsx
glp,GLP,2,2017-09-07,2019-12-10,www.gadm.org,OCHA Field Information Services Section (FISS),Creative Commons Attribution for Intergovernmental Organisations,https://data.humdata.org/dataset/cod-ab-glp,https://data.fieldmaps.io/cod/extended/glp.gpkg.zip,https://data.fieldmaps.io/cod/extended/glp.shp.zip,https://data.fieldmaps.io/cod/extended/glp.xlsx
gmb,GMB,3,2022-08-17,2022-08-25,Gambia National Disaster Management Agency (NDMA),OCHA Field Information Services Section (FISS),Creative Commons Attribution for Intergovernmental Organisations,https://data.humdata.org/dataset/cod-ab-gmb,https://data.fieldmaps.io/cod/extended/gmb.gpkg.zip,https://data.fieldmaps.io/cod/extended/gmb.shp.zip,https://data.fieldmaps.io/cod/extended/gmb.xlsx
gnb,GNB,2,2021-06-14,2022-03-28,Second Administrative Level Boundaries (SALB),OCHA Field Information Services Section (FISS),Creative Commons Attribution for Intergovernmental Organisations,https://data.humdata.org/dataset/cod-ab-gnb,https://data.fieldmaps.io/cod/extended/gnb.gpkg.zip,https://data.fieldmaps.io/cod/extended/gnb.shp.zip,https://data.fieldmaps.io/cod/extended/gnb.xlsx
grd,GRD,1,2017-09-08,2021-12-03,www.gadm.org,OCHA Field Information Services Section (FISS),Creative Commons Attribution for Intergovernmental Organisations,https://data.humdata.org/dataset/cod-ab-grd,https://data.fieldmaps.io/cod/extended/grd.gpkg.zip,https://data.fieldmaps.io/cod/extended/grd.shp.zip,https://data.fieldmaps.io/cod/extended/grd.xlsx
gtm,GTM,2,2019-02-15,2019-11-10,Coordinadora Nacional Para La Reducción De Desastres,OCHA Field Information Services Section (FISS),Creative Commons Attribution for Intergovernmental Organisations,https://data.humdata.org/dataset/cod-ab-gtm,https://data.fieldmaps.io/cod/extended/gtm.gpkg.zip,https://data.fieldmaps.io/cod/extended/gtm.shp.zip,https://data.fieldmaps.io/cod/extended/gtm.xlsx
guf,GUF,2,2020-02-12,2020-02-12,Institut national de l’information géographique et forestière (IGN),OCHA Field Information Services Section (FISS),Creative Commons Attribution for Intergovernmental Organisations,https://data.humdata.org/dataset/cod-ab-guf,https://data.fieldmaps.io/cod/extended/guf.gpkg.zip,https://data.fieldmaps.io/cod/extended/guf.shp.zip,https://data.fieldmaps.io/cod/extended/guf.xlsx
guy,GUY,2,2021-06-23,2021-06-23,DEVInfo LAC project,OCHA Field Information Services Section (FISS),Creative Commons Attribution for Intergovernmental Organisations,https://data.humdata.org/dataset/cod-ab-guy,https://data.fieldmaps.io/cod/extended/guy.gpkg.zip,https://data.fieldmaps.io/cod/extended/guy.shp.zip,https://data.fieldmaps.io/cod/extended/guy.xlsx
hnd,HND,2,2010-07-01,2020-11-24,"Sistema Nacional de Información Territorial (SINIT), Secretaria Técnica de Planificación y Cooperación Externa (SEPLAN), 2010",OCHA Latin America and the Caribbean (ROLAC),Other,https://data.humdata.org/dataset/cod-ab-hnd,https://data.fieldmaps.io/cod/extended/hnd.gpkg.zip,https://data.fieldmaps.io/cod/extended/hnd.shp.zip,https://data.fieldmaps.io/cod/extended/hnd.xlsx
hti,HTI,3,2018-12-05,2021-08-18,Centre National de l'Information Géo-Spatiale (CNIGS),OCHA Haiti,Creative Commons Attribution for Intergovernmental Organisations,https://data.humdata.org/dataset/cod-ab-hti,https://data.fieldmaps.io/cod/extended/hti.gpkg.zip,https://data.fieldmaps.io/cod/extended/hti.shp.zip,https://data.fieldmaps.io/cod/extended/hti.xlsx
hun,HUN,2,2022-03-09,2022-07-22,OSM,OCHA Field Information Services Section (FISS),Creative Commons Attribution for Intergovernmental Organisations,https://data.humdata.org/dataset/cod-ab-hun,https://data.fieldmaps.io/cod/extended/hun.gpkg.zip,https://data.fieldmaps.io/cod/extended/hun.shp.zip,https://data.fieldmaps.io/cod/extended/hun.xlsx
idn,IDN,4,2020-04-08,2020-04-08,Badan Pusat Statistik (BPS - Statistics Indonesia),OCHA Regional Office for Asia and the Pacific (ROAP),Creative Commons Attribution for Intergovernmental Organisations,https://data.humdata.org/dataset/cod-ab-idn,https://data.fieldmaps.io/cod/extended/idn.gpkg.zip,https://data.fieldmaps.io/cod/extended/idn.shp.zip,https://data.fieldmaps.io/cod/extended/idn.xlsx
irn,IRN,2,2019-05-20,2019-05-20,UNHCR,OCHA Middle East and North Africa (ROMENA),Creative Commons Attribution for Intergovernmental Organisations,https://data.humdata.org/dataset/cod-ab-irn,https://data.fieldmaps.io/cod/extended/irn.gpkg.zip,https://data.fieldmaps.io/cod/extended/irn.shp.zip,https://data.fieldmaps.io/cod/extended/irn.xlsx
irq,IRQ,3,2019-06-05,2021-02-11,Iraq Central Statistics Office,OCHA Iraq,Creative Commons Attribution for Intergovernmental Organisations,https://data.humdata.org/dataset/cod-ab-irq,https://data.fieldmaps.io/cod/extended/irq.gpkg.zip,https://data.fieldmaps.io/cod/extended/irq.shp.zip,https://data.fieldmaps.io/cod/extended/irq.xlsx
jam,JAM,1,2017-09-09,2019-10-08,Boundaries:  GADM database of Global Administrative Areas (www.gadm.org).  P-codes:  Ministry of Foreign Affairs and Foreign Trade,OCHA Field Information Services Section (FISS),Creative Commons Attribution for Intergovernmental Organisations,https://data.humdata.org/dataset/cod-ab-jam,https://data.fieldmaps.io/cod/extended/jam.gpkg.zip,https://data.fieldmaps.io/cod/extended/jam.shp.zip,https://data.fieldmaps.io/cod/extended/jam.xlsx
jpn,JPN,2,2019-12-17,2019-12-19,Prefecture governments,OCHA Regional Office for Asia and the Pacific (ROAP),Creative Commons Attribution for Intergovernmental Organisations,https://data.humdata.org/dataset/cod-ab-jpn,https://data.fieldmaps.io/cod/extended/jpn.gpkg.zip,https://data.fieldmaps.io/cod/extended/jpn.shp.zip,https://data.fieldmaps.io/cod/extended/jpn.xlsx
kaz,KAZ,2,2019-09-10,2019-09-10,Committee on Statistics (Kazakhstan Ministry of National Economy),OCHA ROCCA (Closed),Creative Commons Attribution for Intergovernmental Organisations,https://data.humdata.org/dataset/cod-ab-kaz,https://data.fieldmaps.io/cod/extended/kaz.gpkg.zip,https://data.fieldmaps.io/cod/extended/kaz.shp.zip,https://data.fieldmaps.io/cod/extended/kaz.xlsx
ken,KEN,2,2018-07-03,2021-09-28,IEBC,OCHA Regional Office for Southern and Eastern Africa (ROSEA),Creative Commons Attribution for Intergovernmental Organisations,https://data.humdata.org/dataset/cod-ab-ken,https://data.fieldmaps.io/cod/extended/ken.gpkg.zip,https://data.fieldmaps.io/cod/extended/ken.shp.zip,https://data.fieldmaps.io/cod/extended/ken.xlsx
kgz,KGZ,1,2018-11-21,2021-02-11,Ministry of Emergency Situations of the Kyrgyz Republic,OCHA ROCCA (Closed),Creative Commons Attribution for Intergovernmental Organisations,https://data.humdata.org/dataset/cod-ab-kgz,https://data.fieldmaps.io/cod/extended/kgz.gpkg.zip,https://data.fieldmaps.io/cod/extended/kgz.shp.zip,https://data.fieldmaps.io/cod/extended/kgz.xlsx
khm,KHM,3,2014-10-14,2018-10-16,"Department of Geography of the Ministry of Land Management, Urbanization and Construction in 2008, WFP",OCHA Regional Office for Asia and the Pacific (ROAP),Creative Commons Attribution for Intergovernmental Organisations,https://data.humdata.org/dataset/cod-ab-khm,https://data.fieldmaps.io/cod/extended/khm.gpkg.zip,https://data.fieldmaps.io/cod/extended/khm.shp.zip,https://data.fieldmaps.io/cod/extended/khm.xlsx
kir,KIR,2,2020-01-13,2020-01-13,"Secretariat of the Pacific Community, Statistics for Development Division (kiribati.popgis.spc.int)",OCHA Office of the Pacific Islands,Creative Commons Attribution for Intergovernmental Organisations,https://data.humdata.org/dataset/cod-ab-kir,https://data.fieldmaps.io/cod/extended/kir.gpkg.zip,https://data.fieldmaps.io/cod/extended/kir.shp.zip,https://data.fieldmaps.io/cod/extended/kir.xlsx
kna,KNA,1,2017-09-08,2020-03-19,www.gadm.org,OCHA Field Information Services Section (FISS),Creative Commons Attribution for Intergovernmental Organisations,https://data.humdata.org/dataset/cod-ab-kna,https://data.fieldmaps.io/cod/extended/kna.gpkg.zip,https://data.fieldmaps.io/cod/extended/kna.shp.zip,https://data.fieldmaps.io/cod/extended/kna.xlsx
lao,LAO,2,2016-03-26,2019-11-27,National Geographic Department (NGD),OCHA Regional Office for Asia and the Pacific (ROAP),Creative Commons Attribution for Intergovernmental Organisations,https://data.humdata.org/dataset/cod-ab-lao,https://data.fieldmaps.io/cod/extended/lao.gpkg.zip,https://data.fieldmaps.io/cod/extended/lao.shp.zip,https://data.fieldmaps.io/cod/extended/lao.xlsx
lbn,LBN,3,2017-06-20,2021-09-28,Council for Development and Reconstruction (CDR) (administrative level 0-3); Open Street Map and Lebanese Arabic Institute (administrative level 4).,OCHA Middle East and North Africa (ROMENA),Other,https://data.humdata.org/dataset/cod-ab-lbn,https://data.fieldmaps.io/cod/extended/lbn.gpkg.zip,https://data.fieldmaps.io/cod/extended/lbn.shp.zip,https://data.fieldmaps.io/cod/extended/lbn.xlsx
lbr,LBR,2,2017-12-27,2022-03-23,UNMIL,OCHA West and Central Africa (ROWCA),Creative Commons Attribution for Intergovernmental Organisations,https://data.humdata.org/dataset/cod-ab-lbr,https://data.fieldmaps.io/cod/extended/lbr.gpkg.zip,https://data.fieldmaps.io/cod/extended/lbr.shp.zip,https://data.fieldmaps.io/cod/extended/lbr.xlsx
lby,LBY,2,2018-11-13,2021-12-31,"UNITAR-UNOSAT, Libyan Bureau of Statistics, WFP,  and Global Logistics Cluster, International Organisation for Migration (IOM)",OCHA Middle East and North Africa (ROMENA),Creative Commons Attribution for Intergovernmental Organisations,https://data.humdata.org/dataset/cod-ab-lby,https://data.fieldmaps.io/cod/extended/lby.gpkg.zip,https://data.fieldmaps.io/cod/extended/lby.shp.zip,https://data.fieldmaps.io/cod/extended/lby.xlsx
lca,LCA,2,2019-05-01,2019-05-08,Department of Physical Planning,OCHA Field Information Services Section (FISS),Creative Commons Attribution for Intergovernmental Organisations,https://data.humdata.org/dataset/cod-ab-lca,https://data.fieldmaps.io/cod/extended/lca.gpkg.zip,https://data.fieldmaps.io/cod/extended/lca.shp.zip,https://data.fieldmaps.io/cod/extended/lca.xlsx
lka,LKA,4,2022-08-02,2022-08-22,Survey Department of Sri Lanka (http://www.survey.gov.lk),OCHA Regional Office for Asia and the Pacific (ROAP),Creative Commons Attribution for Intergovernmental Organisations,https://data.humdata.org/dataset/cod-ab-lka,https://data.fieldmaps.io/cod/extended/lka.gpkg.zip,https://data.fieldmaps.io/cod/extended/lka.shp.zip,https://data.fieldmaps.io/cod/extended/lka.xlsx
lso,LSO,2,2019-01-08,2020-02-20,FAO and the Ministry of Local Government 2016,OCHA Regional Office for Southern and Eastern Africa (ROSEA),Creative Commons Attribution for Intergovernmental Organisations,https://data.humdata.org/dataset/cod-ab-lso,https://data.fieldmaps.io/cod/extended/lso.gpkg.zip,https://data.fieldmaps.io/cod/extended/lso.shp.zip,https://data.fieldmaps.io/cod/extended/lso.xlsx
mar,MAR,2,2020-12-07,2020-12-07,UNHCR (from GAUL),OCHA Middle East and North Africa (ROMENA),Creative Commons Attribution for Intergovernmental Organisations,https://data.humdata.org/dataset/cod-ab-mar,https://data.fieldmaps.io/cod/extended/mar.gpkg.zip,https://data.fieldmaps.io/cod/extended/mar.shp.zip,https://data.fieldmaps.io/cod/extended/mar.xlsx
mda,MDA,1,2022-05-13,2022-05-13,UNHCR,OCHA Field Information Services Section (FISS),Creative Commons Attribution for Intergovernmental Organisations,https://data.humdata.org/dataset/cod-ab-mda,https://data.fieldmaps.io/cod/extended/mda.gpkg.zip,https://data.fieldmaps.io/cod/extended/mda.shp.zip,https://data.fieldmaps.io/cod/extended/mda.xlsx
mdg,MDG,4,2010-12-31,2020-02-20,Madagascar National Disaster Management Office (BNGRC),OCHA Field Information Services Section (FISS),Creative Commons Attribution for Intergovernmental Organisations,https://data.humdata.org/dataset/cod-ab-mdg,https://data.fieldmaps.io/cod/extended/mdg.gpkg.zip,https://data.fieldmaps.io/cod/extended/mdg.shp.zip,https://data.fieldmaps.io/cod/extended/mdg.xlsx
mdv,MDV,3,2010-01-01,2021-03-31,Government of the republic of Maldives,OCHA Regional Office for Asia and the Pacific (ROAP),Creative Commons Attribution for Intergovernmental Organisations,https://data.humdata.org/dataset/cod-ab-mdv,https://data.fieldmaps.io/cod/extended/mdv.gpkg.zip,https://data.fieldmaps.io/cod/extended/mdv.shp.zip,https://data.fieldmaps.io/cod/extended/mdv.xlsx
mex,MEX,2,2020-06-23,2021-06-23,Instituto Nacional de Estadística y Geografía (INEGI),OCHA Latin America and the Caribbean (ROLAC),Creative Commons Attribution for Intergovernmental Organisations,https://data.humdata.org/dataset/cod-ab-mex,https://data.fieldmaps.io/cod/extended/mex.gpkg.zip,https://data.fieldmaps.io/cod/extended/mex.shp.zip,https://data.fieldmaps.io/cod/extended/mex.xlsx
mhl,MHL,2,2018-07-18,2018-07-18,"Secretariat of the Pacific Community, Statistics for Development Division",OCHA Regional Office for Asia and the Pacific (ROAP),Creative Commons Attribution for Intergovernmental Organisations,https://data.humdata.org/dataset/cod-ab-mhl,https://data.fieldmaps.io/cod/extended/mhl.gpkg.zip,https://data.fieldmaps.io/cod/extended/mhl.shp.zip,https://data.fieldmaps.io/cod/extended/mhl.xlsx
mli,MLI,3,2015-06-01,2021-12-23,DNCT - Direction Nationale des Collectivités Territoriales,OCHA Mali,Creative Commons Attribution for Intergovernmental Organisations,https://data.humdata.org/dataset/cod-ab-mli,https://data.fieldmaps.io/cod/extended/mli.gpkg.zip,https://data.fieldmaps.io/cod/extended/mli.shp.zip,https://data.fieldmaps.io/cod/extended/mli.xlsx
mmr,MMR,3,2021-05-31,2021-08-04,Myanmar Information Management Unit (MIMU),Myanmar Information Management Unit (MIMU),Other,https://data.humdata.org/dataset/mimu-geonode-myanmar-township-boundaries-mimu,https://data.fieldmaps.io/cod/extended/mmr.gpkg.zip,https://data.fieldmaps.io/cod/extended/mmr.shp.zip,https://data.fieldmaps.io/cod/extended/mmr.xlsx
mng,MNG,2,2020-10-26,2021-02-11,National Statistical Office of Mongolia,OCHA Regional Office for Asia and the Pacific (ROAP),Creative Commons Attribution for Intergovernmental Organisations,https://data.humdata.org/dataset/cod-ab-mng,https://data.fieldmaps.io/cod/extended/mng.gpkg.zip,https://data.fieldmaps.io/cod/extended/mng.shp.zip,https://data.fieldmaps.io/cod/extended/mng.xlsx
moz,MOZ,3,2019-04-02,2021-03-24,"Mozambique INE (Instituto Nacional de Estatistica)   http://www.ine.gov.mz/  Census 2007 data from  WFP Geonode,  cleaned by UN OCHA ROSEA.  Maputo City districts added from SALB boundaries by OCHA.",OCHA Regional Office for Southern and Eastern Africa (ROSEA),Creative Commons Attribution for Intergovernmental Organisations,https://data.humdata.org/dataset/cod-ab-moz,https://data.fieldmaps.io/cod/extended/moz.gpkg.zip,https://data.fieldmaps.io/cod/extended/moz.shp.zip,https://data.fieldmaps.io/cod/extended/moz.xlsx
mrt,MRT,2,2017-08-09,2022-03-23,World Food Programme and OCHA,OCHA West and Central Africa (ROWCA),Creative Commons Attribution for Intergovernmental Organisations,https://data.humdata.org/dataset/cod-ab-mrt,https://data.fieldmaps.io/cod/extended/mrt.gpkg.zip,https://data.fieldmaps.io/cod/extended/mrt.shp.zip,https://data.fieldmaps.io/cod/extended/mrt.xlsx
msr,MSR,1,2017-09-09,2020-02-25,www.gadm.org,OCHA Field Information Services Section (FISS),Creative Commons Attribution for Intergovernmental Organisations,https://data.humdata.org/dataset/cod-ab-msr,https://data.fieldmaps.io/cod/extended/msr.gpkg.zip,https://data.fieldmaps.io/cod/extended/msr.shp.zip,https://data.fieldmaps.io/cod/extended/msr.xlsx
mtq,MTQ,2,2017-09-09,2020-02-17,Institut national de l’information géographique et forestière (IGN),OCHA Field Information Services Section (FISS),Creative Commons Attribution for Intergovernmental Organisations,https://data.humdata.org/dataset/cod-ab-mtq,https://data.fieldmaps.io/cod/extended/mtq.gpkg.zip,https://data.fieldmaps.io/cod/extended/mtq.shp.zip,https://data.fieldmaps.io/cod/extended/mtq.xlsx
mus,MUS,1,2020-08-09,2021-09-28,Statistics Mauritius,OCHA Latin America and the Caribbean (ROLAC),Creative Commons Attribution for Intergovernmental Organisations,https://data.humdata.org/dataset/cod-ab-mus,https://data.fieldmaps.io/cod/extended/mus.gpkg.zip,https://data.fieldmaps.io/cod/extended/mus.shp.zip,https://data.fieldmaps.io/cod/extended/mus.xlsx
mwi,MWI,3,2018-10-22,2020-02-20,National Statistics Office of Malawi,OCHA Regional Office for Southern and Eastern Africa (ROSEA),Creative Commons Attribution for Intergovernmental Organisations,https://data.humdata.org/dataset/cod-ab-mwi,https://data.fieldmaps.io/cod/extended/mwi.gpkg.zip,https://data.fieldmaps.io/cod/extended/mwi.shp.zip,https://data.fieldmaps.io/cod/extended/mwi.xlsx
mys,MYS,2,2019-12-02,2021-02-15,UNHCR,OCHA Regional Office for Asia and the Pacific (ROAP),Creative Commons Attribution for Intergovernmental Organisations,https://data.humdata.org/dataset/cod-ab-mys,https://data.fieldmaps.io/cod/extended/mys.gpkg.zip,https://data.fieldmaps.io/cod/extended/mys.shp.zip,https://data.fieldmaps.io/cod/extended/mys.xlsx
nam,NAM,2,2011-01-01,2020-05-04,Namibia Statistics Agency (NSA),OCHA Field Information Services Section (FISS),Creative Commons Attribution for Intergovernmental Organisations,https://data.humdata.org/dataset/cod-ab-nam,https://data.fieldmaps.io/cod/extended/nam.gpkg.zip,https://data.fieldmaps.io/cod/extended/nam.shp.zip,https://data.fieldmaps.io/cod/extended/nam.xlsx
ner,NER,3,2006-01-01,2021-09-29,IGNN (as of 2006) and  OCHA/ROWCA ( 2014/ 2015),OCHA Niger,Other,https://data.humdata.org/dataset/cod-ab-ner,https://data.fieldmaps.io/cod/extended/ner.gpkg.zip,https://data.fieldmaps.io/cod/extended/ner.shp.zip,https://data.fieldmaps.io/cod/extended/ner.xlsx
nga,NGA,2,2017-02-23,2020-04-22,"Office for the Surveyor General of the Federation of Nigeria (OSGOF), Ehealth, United Nations Cartographic Section (UNCS)",OCHA Nigeria,Creative Commons Attribution for Intergovernmental Organisations,https://data.humdata.org/dataset/cod-ab-nga,https://data.fieldmaps.io/cod/extended/nga.gpkg.zip,https://data.fieldmaps.io/cod/extended/nga.shp.zip,https://data.fieldmaps.io/cod/extended/nga.xlsx
nic,NIC,2,2017-10-11,2021-09-28,www.gadm.org,OCHA Field Information Services Section (FISS),Creative Commons Attribution for Intergovernmental Organisations,https://data.humdata.org/dataset/cod-ab-nic,https://data.fieldmaps.io/cod/extended/nic.gpkg.zip,https://data.fieldmaps.io/cod/extended/nic.shp.zip,https://data.fieldmaps.io/cod/extended/nic.xlsx
npl,NPL,2,2020-11-17,2020-11-17,"Survey Department of Nepal (http://ngiip.gov.np/index.php),  UN Resident Coordinators Office in Nepal (https://un.org.np/)",OCHA Field Information Services Section (FISS),Creative Commons Attribution for Intergovernmental Organisations,https://data.humdata.org/dataset/cod-ab-npl,https://data.fieldmaps.io/cod/extended/npl.gpkg.zip,https://data.fieldmaps.io/cod/extended/npl.shp.zip,https://data.fieldmaps.io/cod/extended/npl.xlsx
pak,PAK,3,2022-09-02,2022-09-02,World Food Programme SDI,OCHA Field Information Services Section (FISS),Creative Commons Attribution for Intergovernmental Organisations,https://data.humdata.org/dataset/cod-ab-pak,https://data.fieldmaps.io/cod/extended/pak.gpkg.zip,https://data.fieldmaps.io/cod/extended/pak.shp.zip,https://data.fieldmaps.io/cod/extended/pak.xlsx
pak_1,PAK,3,2022-09-02,2022-09-02,World Food Programme SDI,OCHA Field Information Services Section (FISS),Creative Commons Attribution for Intergovernmental Organisations,https://data.humdata.org/dataset/cod-ab-pak,https://data.fieldmaps.io/cod/extended/pak_1.gpkg.zip,https://data.fieldmaps.io/cod/extended/pak_1.shp.zip,https://data.fieldmaps.io/cod/extended/pak_1.xlsx
pan,PAN,3,2020-06-15,2021-10-27,www.gadm.org,OCHA Field Information Services Section (FISS),Creative Commons Attribution for Intergovernmental Organisations,https://data.humdata.org/dataset/cod-ab-pan,https://data.fieldmaps.io/cod/extended/pan.gpkg.zip,https://data.fieldmaps.io/cod/extended/pan.shp.zip,https://data.fieldmaps.io/cod/extended/pan.xlsx
per,PER,3,2015-07-24,2020-07-17,Instituto Geográfico Nacional - IGN,OCHA Latin America and the Caribbean (ROLAC),Creative Commons Attribution for Intergovernmental Organisations,https://data.humdata.org/dataset/cod-ab-per,https://data.fieldmaps.io/cod/extended/per.gpkg.zip,https://data.fieldmaps.io/cod/extended/per.shp.zip,https://data.fieldmaps.io/cod/extended/per.xlsx
phl,PHL,3,2018-02-09,2021-12-24,"National Mapping and Resource Information Authority (NAMRIA), Philippines Statistics Authority (PSA)",OCHA Philippines,Creative Commons Attribution for Intergovernmental Organisations,https://data.humdata.org/dataset/cod-ab-phl,https://data.fieldmaps.io/cod/extended/phl.gpkg.zip,https://data.fieldmaps.io/cod/extended/phl.shp.zip,https://data.fieldmaps.io/cod/extended/phl.xlsx
png,PNG,3,2019-05-10,2019-05-10,Papua New Guinea National Statistics Office,OCHA Regional Office for Asia and the Pacific (ROAP),Creative Commons Attribution for Intergovernmental Organisations,https://data.humdata.org/dataset/cod-ab-png,https://data.fieldmaps.io/cod/extended/png.gpkg.zip,https://data.fieldmaps.io/cod/extended/png.shp.zip,https://data.fieldmaps.io/cod/extended/png.xlsx
pol,POL,2,2022-04-19,2022-04-19,Państwowy Rejestr Granic (PRG),OCHA Field Information Services Section (FISS),Creative Commons Attribution for Intergovernmental Organisations,https://data.humdata.org/dataset/cod-ab-pol,https://data.fieldmaps.io/cod/extended/pol.gpkg.zip,https://data.fieldmaps.io/cod/extended/pol.shp.zip,https://data.fieldmaps.io/cod/extended/pol.xlsx
pri,PRI,1,2017-09-06,2019-11-08,www.gadm.org,OCHA Field Information Services Section (FISS),Creative Commons Attribution for Intergovernmental Organisations,https://data.humdata.org/dataset/cod-ab-pri,https://data.fieldmaps.io/cod/extended/pri.gpkg.zip,https://data.fieldmaps.io/cod/extended/pri.shp.zip,https://data.fieldmaps.io/cod/extended/pri.xlsx
prk,PRK,2,2013-01-01,2019-07-17,World Food Programme,OCHA Regional Office for Asia and the Pacific (ROAP),Creative Commons Attribution for Intergovernmental Organisations,https://data.humdata.org/dataset/cod-ab-prk,https://data.fieldmaps.io/cod/extended/prk.gpkg.zip,https://data.fieldmaps.io/cod/extended/prk.shp.zip,https://data.fieldmaps.io/cod/extended/prk.xlsx
pry,PRY,2,2017-10-11,2020-09-16,"Dirección General de Estadísticas, Encuestas y Censos (DGEEC)",OCHA Latin America and the Caribbean (ROLAC),Creative Commons Attribution for Intergovernmental Organisations,https://data.humdata.org/dataset/cod-ab-pry,https://data.fieldmaps.io/cod/extended/pry.gpkg.zip,https://data.fieldmaps.io/cod/extended/pry.shp.zip,https://data.fieldmaps.io/cod/extended/pry.xlsx
pse_1,PSE,2,2021-03-10,2021-08-10,Palestinian Authority Ministry of Planning,OCHA occupied Palestinian territory (oPt),Creative Commons Attribution for Intergovernmental Organisations,https://data.humdata.org/dataset/cod-ab-pse,https://data.fieldmaps.io/cod/extended/pse_1.gpkg.zip,https://data.fieldmaps.io/cod/extended/pse_1.shp.zip,https://data.fieldmaps.io/cod/extended/pse_1.xlsx
pse_2,PSE,2,2021-03-10,2021-08-10,Palestinian Authority Ministry of Planning,OCHA occupied Palestinian territory (oPt),Creative Commons Attribution for Intergovernmental Organisations,https://data.humdata.org/dataset/cod-ab-pse,https://data.fieldmaps.io/cod/extended/pse_2.gpkg.zip,https://data.fieldmaps.io/cod/extended/pse_2.shp.zip,https://data.fieldmaps.io/cod/extended/pse_2.xlsx
rou,ROU,2,2022-03-09,2022-05-03,ANCPI - Agenția Națională de Cadastru și publicitate imobiliară,OCHA Field Information Services Section (FISS),Creative Commons Attribution for Intergovernmental Organisations,https://data.humdata.org/dataset/cod-ab-rou,https://data.fieldmaps.io/cod/extended/rou.gpkg.zip,https://data.fieldmaps.io/cod/extended/rou.shp.zip,https://data.fieldmaps.io/cod/extended/rou.xlsx
rus,RUS,2,2022-03-09,2022-03-22,www.gadm.org,OCHA Field Information Services Section (FISS),Creative Commons Attribution for Intergovernmental Organisations,https://data.humdata.org/dataset/cod-ab-rus,https://data.fieldmaps.io/cod/extended/rus.gpkg.zip,https://data.fieldmaps.io/cod/extended/rus.shp.zip,https://data.fieldmaps.io/cod/extended/rus.xlsx
rwa,RWA,3,2018-09-27,2022-06-09,National Institute of Statistics of Rwanda (NISR).,OCHA Regional Office for Southern and Eastern Africa (ROSEA),Creative Commons Attribution for Intergovernmental Organisations,https://data.humdata.org/dataset/cod-ab-rwa,https://data.fieldmaps.io/cod/extended/rwa.gpkg.zip,https://data.fieldmaps.io/cod/extended/rwa.shp.zip,https://data.fieldmaps.io/cod/extended/rwa.xlsx
sdn,SDN,2,2020-09-03,2020-09-03,"Information Management Working Group (IMWG), OCHA",OCHA Regional Office for Southern and Eastern Africa (ROSEA),Creative Commons Attribution for Intergovernmental Organisations,https://data.humdata.org/dataset/cod-ab-sdn,https://data.fieldmaps.io/cod/extended/sdn.gpkg.zip,https://data.fieldmaps.io/cod/extended/sdn.shp.zip,https://data.fieldmaps.io/cod/extended/sdn.xlsx
sen,SEN,3,2019-04-30,2022-01-04,"Government of Senegal, 2009  (updated by OCHA/ROWCA) 04 august 2018",OCHA West and Central Africa (ROWCA),Creative Commons Attribution for Intergovernmental Organisations,https://data.humdata.org/dataset/cod-ab-sen,https://data.fieldmaps.io/cod/extended/sen.gpkg.zip,https://data.fieldmaps.io/cod/extended/sen.shp.zip,https://data.fieldmaps.io/cod/extended/sen.xlsx
slb,SLB,3,2018-01-12,2021-09-29,"Solomon Islands National Statistics Office (SINSO), 2009 Census of Population and Housing",OCHA Regional Office for Asia and the Pacific (ROAP),Creative Commons Attribution for Intergovernmental Organisations,https://data.humdata.org/dataset/cod-ab-slb,https://data.fieldmaps.io/cod/extended/slb.gpkg.zip,https://data.fieldmaps.io/cod/extended/slb.shp.zip,https://data.fieldmaps.io/cod/extended/slb.xlsx
sle,SLE,4,2017-08-16,2022-01-04,Government of Sierra Leone,OCHA West and Central Africa (ROWCA),Creative Commons Attribution for Intergovernmental Organisations,https://data.humdata.org/dataset/cod-ab-sle,https://data.fieldmaps.io/cod/extended/sle.gpkg.zip,https://data.fieldmaps.io/cod/extended/sle.shp.zip,https://data.fieldmaps.io/cod/extended/sle.xlsx
slv,SLV,2,2020-05-29,2021-02-08,www.gadm.org,OCHA Latin America and the Caribbean (ROLAC),Creative Commons Attribution for Intergovernmental Organisations,https://data.humdata.org/dataset/cod-ab-slv,https://data.fieldmaps.io/cod/extended/slv.gpkg.zip,https://data.fieldmaps.io/cod/extended/slv.shp.zip,https://data.fieldmaps.io/cod/extended/slv.xlsx
som,SOM,2,2014-06-06,2021-09-30,United National Development Programme (UNDP) 1998,OCHA Somalia,Creative Commons Attribution for Intergovernmental Organisations,https://data.humdata.org/dataset/cod-ab-som,https://data.fieldmaps.io/cod/extended/som.gpkg.zip,https://data.fieldmaps.io/cod/extended/som.shp.zip,https://data.fieldmaps.io/cod/extended/som.xlsx
ssd,SSD,2,2018-08-15,2022-01-21,"South Sudan Information Management Working Group (IMWG), National Bureau of Statistics (NBS), International Organization for Migration (IOM) and OCHA",OCHA South Sudan,Creative Commons Attribution for Intergovernmental Organisations,https://data.humdata.org/dataset/cod-ab-ssd,https://data.fieldmaps.io/cod/extended/ssd.gpkg.zip,https://data.fieldmaps.io/cod/extended/ssd.shp.zip,https://data.fieldmaps.io/cod/extended/ssd.xlsx
stp,STP,2,2020-08-17,2022-01-12,www.gadm.org,OCHA West and Central Africa (ROWCA),Creative Commons Attribution for Intergovernmental Organisations,https://data.humdata.org/dataset/cod-ab-stp,https://data.fieldmaps.io/cod/extended/stp.gpkg.zip,https://data.fieldmaps.io/cod/extended/stp.shp.zip,https://data.fieldmaps.io/cod/extended/stp.xlsx
sur,SUR,2,2019-10-24,2019-10-24,www.gadm.org,OCHA Field Information Services Section (FISS),Creative Commons Attribution for Intergovernmental Organisations,https://data.humdata.org/dataset/cod-ab-sur,https://data.fieldmaps.io/cod/extended/sur.gpkg.zip,https://data.fieldmaps.io/cod/extended/sur.shp.zip,https://data.fieldmaps.io/cod/extended/sur.xlsx
svk,SVK,2,2022-03-09,2022-07-13,Geoportal.SK,OCHA Field Information Services Section (FISS),Creative Commons Attribution for Intergovernmental Organisations,https://data.humdata.org/dataset/cod-ab-svk,https://data.fieldmaps.io/cod/extended/svk.gpkg.zip,https://data.fieldmaps.io/cod/extended/svk.shp.zip,https://data.fieldmaps.io/cod/extended/svk.xlsx
swz,SWZ,2,2020-05-13,2021-01-29,Central Statistics Office,OCHA Regional Office for Southern and Eastern Africa (ROSEA),Creative Commons Attribution for Intergovernmental Organisations,https://data.humdata.org/dataset/cod-ab-swz,https://data.fieldmaps.io/cod/extended/swz.gpkg.zip,https://data.fieldmaps.io/cod/extended/swz.shp.zip,https://data.fieldmaps.io/cod/extended/swz.xlsx
sxm,SXM,1,2018-09-14,2021-09-29,"Sint Maarten Ministry of Public Housing, Spatial Planning, Environment and Infrastructure (VROMI)",OCHA Field Information Services Section (FISS),Creative Commons Attribution for Intergovernmental Organisations,https://data.humdata.org/dataset/cod-ab-sxm,https://data.fieldmaps.io/cod/extended/sxm.gpkg.zip,https://data.fieldmaps.io/cod/extended/sxm.shp.zip,https://data.fieldmaps.io/cod/extended/sxm.xlsx
syc,SYC,3,2020-05-28,2020-05-28,Seychelles National Bureau of Statistics,OCHA Regional Office for Southern and Eastern Africa (ROSEA),Creative Commons Attribution for Intergovernmental Organisations,https://data.humdata.org/dataset/cod-ab-syc,https://data.fieldmaps.io/cod/extended/syc.gpkg.zip,https://data.fieldmaps.io/cod/extended/syc.shp.zip,https://data.fieldmaps.io/cod/extended/syc.xlsx
syr,SYR,3,2021-01-15,2021-06-13,United Nations Cartographic Section (UNCS) and United Nations Office for the Coordination of Humanitarian Affairs (UNOCHA),OCHA Syria,Creative Commons Attribution for Intergovernmental Organisations,https://data.humdata.org/dataset/cod-ab-syr,https://data.fieldmaps.io/cod/extended/syr.gpkg.zip,https://data.fieldmaps.io/cod/extended/syr.shp.zip,https://data.fieldmaps.io/cod/extended/syr.xlsx
tca,TCA,1,2017-09-09,2021-02-09,www.gadm.org,OCHA Field Information Services Section (FISS),Creative Commons Attribution for Intergovernmental Organisations,https://data.humdata.org/dataset/cod-ab-tca,https://data.fieldmaps.io/cod/extended/tca.gpkg.zip,https://data.fieldmaps.io/cod/extended/tca.shp.zip,https://data.fieldmaps.io/cod/extended/tca.xlsx
tcd,TCD,2,2016-07-01,2021-09-24,OCHA Chad,OCHA Chad,Creative Commons Attribution for Intergovernmental Organisations,https://data.humdata.org/dataset/cod-ab-tcd,https://data.fieldmaps.io/cod/extended/tcd.gpkg.zip,https://data.fieldmaps.io/cod/extended/tcd.shp.zip,https://data.fieldmaps.io/cod/extended/tcd.xlsx
tgo,TGO,3,2020-01-12,2022-01-04,Global Administrative Unit Layers (GAUL),OCHA West and Central Africa (ROWCA),Creative Commons Attribution for Intergovernmental Organisations,https://data.humdata.org/dataset/cod-ab-tgo,https://data.fieldmaps.io/cod/extended/tgo.gpkg.zip,https://data.fieldmaps.io/cod/extended/tgo.shp.zip,https://data.fieldmaps.io/cod/extended/tgo.xlsx
tha,THA,3,2017-08-17,2022-01-27,Royal Thai Survey Department,OCHA Regional Office for Asia and the Pacific (ROAP),Creative Commons Attribution for Intergovernmental Organisations,https://data.humdata.org/dataset/cod-ab-tha,https://data.fieldmaps.io/cod/extended/tha.gpkg.zip,https://data.fieldmaps.io/cod/extended/tha.shp.zip,https://data.fieldmaps.io/cod/extended/tha.xlsx
tls,TLS,3,2006-12-10,2020-09-16,WHO,OCHA Regional Office for Asia and the Pacific (ROAP),Creative Commons Attribution for Intergovernmental Organisations,https://data.humdata.org/dataset/cod-ab-tls,https://data.fieldmaps.io/cod/extended/tls.gpkg.zip,https://data.fieldmaps.io/cod/extended/tls.shp.zip,https://data.fieldmaps.io/cod/extended/tls.xlsx
ton,TON,3,2018-02-05,2022-01-26,"Secretariat of the Pacific Community, Statistics for Development Division, and Department of Lands.",OCHA Office of the Pacific Islands,Creative Commons Attribution for Intergovernmental Organisations,https://data.humdata.org/dataset/cod-ab-ton,https://data.fieldmaps.io/cod/extended/ton.gpkg.zip,https://data.fieldmaps.io/cod/extended/ton.shp.zip,https://data.fieldmaps.io/cod/extended/ton.xlsx
tto,TTO,1,2017-09-08,2021-09-29,www.gadm.org,OCHA Field Information Services Section (FISS),Creative Commons Attribution for Intergovernmental Organisations,https://data.humdata.org/dataset/cod-ab-tto,https://data.fieldmaps.io/cod/extended/tto.gpkg.zip,https://data.fieldmaps.io/cod/extended/tto.shp.zip,https://data.fieldmaps.io/cod/extended/tto.xlsx
tun,TUN,4,2022-08-15,2022-08-15,Institut National de la Statistique Tunisie,OCHA Field Information Services Section (FISS),Creative Commons Attribution for Intergovernmental Organisations,https://data.humdata.org/dataset/cod-ab-tun,https://data.fieldmaps.io/cod/extended/tun.gpkg.zip,https://data.fieldmaps.io/cod/extended/tun.shp.zip,https://data.fieldmaps.io/cod/extended/tun.xlsx
tur,TUR,2,2022-01-01,2022-03-15,General Command of Mapping,Regional IM Working Group - Europe,Other,https://data.humdata.org/dataset/cod-ab-tur,https://data.fieldmaps.io/cod/extended/tur.gpkg.zip,https://data.fieldmaps.io/cod/extended/tur.shp.zip,https://data.fieldmaps.io/cod/extended/tur.xlsx
tza,TZA,3,2018-10-19,2018-10-22,Tanzania National Bureau of Statistics / UN OCHA ROSA,OCHA ROSA (Closed),Creative Commons Attribution for Intergovernmental Organisations,https://data.humdata.org/dataset/cod-ab-tza,https://data.fieldmaps.io/cod/extended/tza.gpkg.zip,https://data.fieldmaps.io/cod/extended/tza.shp.zip,https://data.fieldmaps.io/cod/extended/tza.xlsx
uga,UGA,4,2020-06-11,2020-08-28,Uganda Bureau of Statistics with support from WHO,OCHA Regional Office for Southern and Eastern Africa (ROSEA),Creative Commons Attribution for Intergovernmental Organisations,https://data.humdata.org/dataset/cod-ab-uga,https://data.fieldmaps.io/cod/extended/uga.gpkg.zip,https://data.fieldmaps.io/cod/extended/uga.shp.zip,https://data.fieldmaps.io/cod/extended/uga.xlsx
ukr,UKR,3,2022-01-18,2022-01-31,State Scientific Production Enterprise “Kartographia”,OCHA Field Information Services Section (FISS),Creative Commons Attribution for Intergovernmental Organisations,https://data.humdata.org/dataset/cod-ab-ukr,https://data.fieldmaps.io/cod/extended/ukr.gpkg.zip,https://data.fieldmaps.io/cod/extended/ukr.shp.zip,https://data.fieldmaps.io/cod/extended/ukr.xlsx
ury,URY,2,2017-10-11,2020-07-27,www.gadm.org,OCHA Field Information Services Section (FISS),Creative Commons Attribution for Intergovernmental Organisations,https://data.humdata.org/dataset/cod-ab-ury,https://data.fieldmaps.io/cod/extended/ury.gpkg.zip,https://data.fieldmaps.io/cod/extended/ury.shp.zip,https://data.fieldmaps.io/cod/extended/ury.xlsx
uzb,UZB,2,2018-07-12,2021-09-29,OCHA,OCHA ROCCA (Closed),Creative Commons Attribution for Intergovernmental Organisations,https://data.humdata.org/dataset/cod-ab-uzb,https://data.fieldmaps.io/cod/extended/uzb.gpkg.zip,https://data.fieldmaps.io/cod/extended/uzb.shp.zip,https://data.fieldmaps.io/cod/extended/uzb.xlsx
vct,VCT,1,2017-09-21,2021-04-14,www.gadm.org,OCHA Field Information Services Section (FISS),Creative Commons Attribution for Intergovernmental Organisations,https://data.humdata.org/dataset/cod-ab-vct,https://data.fieldmaps.io/cod/extended/vct.gpkg.zip,https://data.fieldmaps.io/cod/extended/vct.shp.zip,https://data.fieldmaps.io/cod/extended/vct.xlsx
ven_1,VEN,3,2018-05-02,2021-02-27,Instituto Nacional de Estadística,OCHA Venezuela,Creative Commons Attribution for Intergovernmental Organisations,https://data.humdata.org/dataset/cod-ab-ven,https://data.fieldmaps.io/cod/extended/ven_1.gpkg.zip,https://data.fieldmaps.io/cod/extended/ven_1.shp.zip,https://data.fieldmaps.io/cod/extended/ven_1.xlsx
vgb,VGB,1,2017-09-09,2020-04-01,www.gadm.org,OCHA Field Information Services Section (FISS),Creative Commons Attribution for Intergovernmental Organisations,https://data.humdata.org/dataset/cod-ab-vgb,https://data.fieldmaps.io/cod/extended/vgb.gpkg.zip,https://data.fieldmaps.io/cod/extended/vgb.shp.zip,https://data.fieldmaps.io/cod/extended/vgb.xlsx
vir,VIR,2,2017-09-09,2019-11-04,GADM,OCHA Field Information Services Section (FISS),Creative Commons Attribution for Intergovernmental Organisations,https://data.humdata.org/dataset/cod-ab-vir,https://data.fieldmaps.io/cod/extended/vir.gpkg.zip,https://data.fieldmaps.io/cod/extended/vir.shp.zip,https://data.fieldmaps.io/cod/extended/vir.xlsx
vnm,VNM,2,2020-01-08,2020-10-27,Government of Viet Nam,OCHA Regional Office for Asia and the Pacific (ROAP),Creative Commons Attribution for Intergovernmental Organisations,https://data.humdata.org/dataset/cod-ab-vnm,https://data.fieldmaps.io/cod/extended/vnm.gpkg.zip,https://data.fieldmaps.io/cod/extended/vnm.shp.zip,https://data.fieldmaps.io/cod/extended/vnm.xlsx
vut,VUT,2,2018-09-12,2021-09-30,"PopGIS2: Secretarial of the Pacific Community (SPC), Statistics for Development Division (http://vanuatu.popgis.spc.int/#l=en;v=map4)",OCHA Office of the Pacific Islands,Creative Commons Attribution for Intergovernmental Organisations,https://data.humdata.org/dataset/cod-ab-vut,https://data.fieldmaps.io/cod/extended/vut.gpkg.zip,https://data.fieldmaps.io/cod/extended/vut.shp.zip,https://data.fieldmaps.io/cod/extended/vut.xlsx
yem,YEM,3,2019-02-01,2021-02-11,Central Statistical Organization (CSO),OCHA Yemen,Creative Commons Attribution for Intergovernmental Organisations,https://data.humdata.org/dataset/cod-ab-yem,https://data.fieldmaps.io/cod/extended/yem.gpkg.zip,https://data.fieldmaps.io/cod/extended/yem.shp.zip,https://data.fieldmaps.io/cod/extended/yem.xlsx
zaf,ZAF,4,2018-12-27,2020-11-12,South African Municipal Demarcation Board,OCHA Regional Office for Southern and Eastern Africa (ROSEA),Creative Commons Attribution for Intergovernmental Organisations,https://data.humdata.org/dataset/cod-ab-zaf,https://data.fieldmaps.io/cod/extended/zaf.gpkg.zip,https://data.fieldmaps.io/cod/extended/zaf.shp.zip,https://data.fieldmaps.io/cod/extended/zaf.xlsx
zmb,ZMB,2,2020-11-26,2020-11-26,Disaster Management and Mitigation Unit (DMMU) Zambia,OCHA Regional Office for Southern and Eastern Africa (ROSEA),Creative Commons Attribution for Intergovernmental Organisations,https://data.humdata.org/dataset/cod-ab-zmb,https://data.fieldmaps.io/cod/extended/zmb.gpkg.zip,https://data.fieldmaps.io/cod/extended/zmb.shp.zip,https://data.fieldmaps.io/cod/extended/zmb.xlsx
zwe,ZWE,3,2018-08-31,2020-11-26,Zimbabwe National Statistics Agency (ZIMSTAT  www.zimstat.co.zw) Central Statistics Office,OCHA Regional Office for Southern and Eastern Africa (ROSEA),Creative Commons Attribution for Intergovernmental Organisations,https://data.humdata.org/dataset/cod-ab-zwe,https://data.fieldmaps.io/cod/extended/zwe.gpkg.zip,https://data.fieldmaps.io/cod/extended/zwe.shp.zip,https://data.fieldmaps.io/cod/extended/zwe.xlsx
